﻿{"cameraMode":{"drawMode":0,"name":"Shaded","section":"Shading Mode"},"sceneLighting":true,"audioPlay":false,"sceneViewState":{"showFog":true,"showMaterialUpdate":false,"showSkybox":true,"showFlares":true,"showImageEffects":true,"showParticleSystems":true},"in2DMode":false,"pivot":{"x":1.7813663482666016,"y":-0.4629402160644531,"z":-4.180184841156006},"rotation":{"x":-0.08606363087892533,"y":0.8878554105758667,"z":-0.18535377085208894,"w":-0.41224977374076846},"size":18.29557228088379,"orthographic":false}